Id,Date,content,User,hashtags,retweetCount,likeCount,followersCount,created,favouritesCount,listedCount,replyCount,source,lang
1537378416416129025,2022-06-16 10:15:52+00:00,Plan to work remotely during #CHOGM2022 ? Well @bscrw has you covered with the fastest and most reliable connectivity. https://t.co/vZALn1sslD,bscrw,['CHOGM2022'],0,0,1199,2011-11-21 08:37:01+00:00,90,4,0,"<a href=""https://mobile.twitter.com"" rel=""nofollow"">Twitter Web App</a>",en
1536246346008649728,2022-06-13 07:17:25+00:00,"As part of the 28th Commemoration of the 1994 Genocide against the Tutsi, BSC staff and management alongside @AgaciroFund and  @coffee_rwanda visited Ntarama Genocide Memorial Center to honor the victims. #Kwibuka28 
https://t.co/cgmnigXxZe",bscrw,['Kwibuka28'],0,1,1199,2011-11-21 08:37:01+00:00,90,4,0,"<a href=""https://mobile.twitter.com"" rel=""nofollow"">Twitter Web App</a>",en
1535602003694559234,2022-06-11 12:37:02+00:00,"BSC Plc's Board, Management and Staff on Friday 10th June held a commemoration of the 1994 Genocide against the Tutsi at the Ntarama Genocide Memorial Centre as well as donated to support survivors.  #KwibukaTwiyubaka #Kwibuka28 https://t.co/JZiphLIk0b",bscrw,"['KwibukaTwiyubaka', 'Kwibuka28']",1,7,1199,2011-11-21 08:37:01+00:00,90,4,0,"<a href=""https://mobile.twitter.com"" rel=""nofollow"">Twitter Web App</a>",en
1534806138847481858,2022-06-09 07:54:33+00:00,"On the sidelines of the ongoing #ITUWTDC, BSC Plc and @RwandaICT  gave a tour of the @Gigaconnect pilot schools project in  @BugeseraDistr.  The project is proof of the transformative impact of internet connectivity can have on schools and the education sector. https://t.co/x3qc5mbkeu",bscrw,['ITUWTDC'],0,3,1199,2011-11-21 08:37:01+00:00,90,4,0,"<a href=""https://mobile.twitter.com"" rel=""nofollow"">Twitter Web App</a>",en
1534285975928680448,2022-06-07 21:27:36+00:00,BSC Plc is proud to avail connectivity at the #ITUWTDC  #connectivity https://t.co/OAqGfQMk3h,bscrw,"['ITUWTDC', 'connectivity']",0,1,1199,2011-11-21 08:37:01+00:00,90,4,0,"<a href=""https://mobile.twitter.com"" rel=""nofollow"">Twitter Web App</a>",en
1527276435936645120,2022-05-19 13:14:12+00:00,"#Mitel team is delighted to visit Broadband Systems Corporation team in their office during recent visit to Rwanda.

The meeting went successful with the discussions on business growth, new opportunities &amp; strategies on the regions‚Äô development with Mitel Solutions. https://t.co/x1g8JsUHQL",MitelMena,['Mitel'],0,0,70,2019-08-27 12:04:30+00:00,0,0,0,"<a href=""https://about.twitter.com/products/tweetdeck"" rel=""nofollow"">TweetDeck</a>",en
1525195139068600320,2022-05-13 19:23:52+00:00,"LEASE OF MULTI-FUNCTION COMPUTER, LAPTOPS AND PRINTERS FOR PHOTOCOPYING, PRINTING AND SCANNING SERVICES.-Broadband Systems Corporation Ltd https://t.co/JpuWYsKYYo",StarJob8,,0,0,28,2022-04-15 16:29:11+00:00,2,0,0,"<a href=""http://twitter.com/download/iphone"" rel=""nofollow"">Twitter for iPhone</a>",en
1525127899237466114,2022-05-13 14:56:41+00:00,"LEASE OF MULTI-FUNCTION COMPUTER, LAPTOPS AND PRINTERS FOR PHOTOCOPYING, PRINTING AND SCANNING SERVICES.-Broadband Systems Corporation Ltd https://t.co/JpuWYsKYYo .",StarJob8,,0,0,28,2022-04-15 16:29:11+00:00,2,0,0,"<a href=""https://mobile.twitter.com"" rel=""nofollow"">Twitter Web App</a>",en
1524826953001353217,2022-05-12 19:00:50+00:00,"LEASE OF MULTI-FUNCTION COMPUTER, LAPTOPS AND PRINTERS FOR PHOTOCOPYING, PRINTING AND SCANNING SERVICES.-Broadband Systems Corporation Ltd https://t.co/JpuWYsKYYo",StarJob8,,0,0,28,2022-04-15 16:29:11+00:00,2,0,0,"<a href=""http://twitter.com/download/iphone"" rel=""nofollow"">Twitter for iPhone</a>",en
1524477450423525377,2022-05-11 19:52:02+00:00,"LEASE OF MULTI-FUNCTION COMPUTER, LAPTOPS AND PRINTERS FOR PHOTOCOPYING, PRINTING AND SCANNING SERVICES.-Broadband Systems Corporation Ltd https://t.co/dsvkpUBspG",StarJob8,,0,0,28,2022-04-15 16:29:11+00:00,2,0,0,"<a href=""http://twitter.com/download/iphone"" rel=""nofollow"">Twitter for iPhone</a>",en
1524475355486171136,2022-05-11 19:43:42+00:00,"LEASE OF MULTI-FUNCTION COMPUTER, LAPTOPS AND PRINTERS FOR PHOTOCOPYING, PRINTING AND SCANNING SERVICES.-Broadband Systems Corporation Ltd https://t.co/Hqk1tsiPvP",StarJob8,,0,0,28,2022-04-15 16:29:11+00:00,2,0,0,"<a href=""http://twitter.com/download/iphone"" rel=""nofollow"">Twitter for iPhone</a>",en
1524469019453108224,2022-05-11 19:18:32+00:00,"LEASE OF MULTI-FUNCTION COMPUTER, LAPTOPS AND PRINTERS FOR PHOTOCOPYING, PRINTING AND SCANNING SERVICES.-Broadband Systems Corporation Ltd https://t.co/pxuzcPJER5",StarJob8,,0,0,28,2022-04-15 16:29:11+00:00,2,0,0,"<a href=""http://twitter.com/download/iphone"" rel=""nofollow"">Twitter for iPhone</a>",en
1524457101669670912,2022-05-11 18:31:10+00:00,"LEASE OF MULTI-FUNCTION COMPUTER, LAPTOPS AND PRINTERS FOR PHOTOCOPYING, PRINTING AND SCANNING SERVICES.-Broadband Systems Corporation Ltd https://t.co/JpuWYsKYYo",StarJob8,,0,0,28,2022-04-15 16:29:11+00:00,2,0,0,"<a href=""http://twitter.com/download/iphone"" rel=""nofollow"">Twitter for iPhone</a>",en
1524261779496439810,2022-05-11 05:35:02+00:00,"LEASE OF MULTI-FUNCTION COMPUTER, LAPTOPS AND PRINTERS FOR PHOTOCOPYING, PRINTING AND SCANNING SERVICES.-Broadband Systems Corporation Ltd https://t.co/yjb3pMsBIt",StarJob8,,0,0,28,2022-04-15 16:29:11+00:00,2,0,0,"<a href=""http://twitter.com/download/iphone"" rel=""nofollow"">Twitter for iPhone</a>",en
1524230939223670784,2022-05-11 03:32:29+00:00,"LEASE OF MULTI-FUNCTION COMPUTER, LAPTOPS AND PRINTERS FOR PHOTOCOPYING, PRINTING AND SCANNING SERVICES.-Broadband Systems Corporation Ltd https://t.co/JpuWYsKYYo",StarJob8,,0,0,28,2022-04-15 16:29:11+00:00,2,0,0,"<a href=""http://twitter.com/download/iphone"" rel=""nofollow"">Twitter for iPhone</a>",en
1524084748640997376,2022-05-10 17:51:34+00:00,"LEASE OF MULTI-FUNCTION COMPUTER, LAPTOPS AND PRINTERS FOR PHOTOCOPYING, PRINTING AND SCANNING SERVICES.-Broadband Systems Corporation Ltd https://t.co/Rc8wR0zn5q",StarJob8,,0,0,28,2022-04-15 16:29:11+00:00,2,0,0,"<a href=""http://twitter.com/download/iphone"" rel=""nofollow"">Twitter for iPhone</a>",en
1523934481509400576,2022-05-10 07:54:28+00:00,"LEASE OF MULTI-FUNCTION COMPUTER, LAPTOPS AND PRINTERS FOR PHOTOCOPYING, PRINTING AND SCANNING SERVICES.-Broadband Systems  Corporation Ltd https://t.co/JpuWYsKYYo",StarJob8,,0,0,28,2022-04-15 16:29:11+00:00,2,0,0,"<a href=""http://twitter.com/download/iphone"" rel=""nofollow"">Twitter for iPhone</a>",en
1523884804479066112,2022-05-10 04:37:04+00:00,"LEASE OF MULTI-FUNCTION COMPUTER, LAPTOPS AND PRINTERS FOR PHOTOCOPYING, PRINTING AND SCANNING SERVICES.-Broadband Systems Corporation Ltd https://t.co/lSuhKjS5jo",StarJob8,,0,0,28,2022-04-15 16:29:11+00:00,2,0,0,"<a href=""http://twitter.com/download/iphone"" rel=""nofollow"">Twitter for iPhone</a>",en
1523870672841236480,2022-05-10 03:40:55+00:00,"LEASE OF MULTI-FUNCTION COMPUTER, LAPTOPS AND PRINTERS FOR PHOTOCOPYING, PRINTING AND SCANNING SERVICES.-Broadband Systems Corporation Ltd https://t.co/JpuWYsKYYo",StarJob8,,0,0,28,2022-04-15 16:29:11+00:00,2,0,0,"<a href=""http://twitter.com/download/iphone"" rel=""nofollow"">Twitter for iPhone</a>",en
1523735046405861376,2022-05-09 18:41:59+00:00,"LEASE OF MULTI-FUNCTION COMPUTER, LAPTOPS AND PRINTERS  FOR PHOTOCOPYING, PRINTING AND SCANNING SERVICES.-Broadband Systems Corporation Ltd https://t.co/JpuWYstnzO",StarJob8,,0,0,28,2022-04-15 16:29:11+00:00,2,0,0,"<a href=""http://twitter.com/download/iphone"" rel=""nofollow"">Twitter for iPhone</a>",en
1523648415359717377,2022-05-09 12:57:44+00:00,"LEASE OF MULTI-FUNCTION COMPUTER, LAPTOPS AND PRINTERS FOR PHOTOCOPYING, PRINTING AND SCANNING SERVICES.-Broadband Systems Corporation Ltd https://t.co/lSuhKjSD8W",StarJob8,,0,0,28,2022-04-15 16:29:11+00:00,2,0,0,"<a href=""http://twitter.com/download/iphone"" rel=""nofollow"">Twitter for iPhone</a>",en
1523576028819763201,2022-05-09 08:10:06+00:00,"LEASE OF MULTI-FUNCTION COMPUTER, LAPTOPS AND PRINTERS FOR PHOTOCOPYING, PRINTING AND SCANNING SERVICES.-Broadband Systems Corporation Ltd https://t.co/JpuWYsLwNW",StarJob8,,0,0,28,2022-04-15 16:29:11+00:00,2,0,0,"<a href=""http://twitter.com/download/iphone"" rel=""nofollow"">Twitter for iPhone</a>",en
1523532658373849088,2022-05-09 05:17:46+00:00,"LEASE OF MULTI-FUNCTION COMPUTER, LAPTOPS AND PRINTERS FOR PHOTOCOPYING, PRINTING AND SCANNING SERVICES.-Broadband Systems Corporation Ltd https://t.co/JpuWYstnzO",StarJob8,,0,0,28,2022-04-15 16:29:11+00:00,2,0,0,"<a href=""http://twitter.com/download/iphone"" rel=""nofollow"">Twitter for iPhone</a>",en
1523371389905821697,2022-05-08 18:36:56+00:00,"LEASE OF MULTI-FUNCTION COMPUTER, LAPTOPS AND PRINTERS FOR PHOTOCOPYING &amp; PRINTING AND SCANNING SERVICES.-Broadband Systems Corporation Ltd https://t.co/JpuWYstnzO",StarJob8,,0,1,28,2022-04-15 16:29:11+00:00,2,0,0,"<a href=""http://twitter.com/download/iphone"" rel=""nofollow"">Twitter for iPhone</a>",en
1523363246631428097,2022-05-08 18:04:35+00:00,"LEASE OF MULTI-FUNCTION COMPUTER, LAPTOPS AND PRINTERS FOR PHOTOCOPYING, PRINTING AND SCANNING SERVICES.-Broadband Systems Corporation Ltd https://t.co/lSuhKjSD8W",StarJob8,,0,0,28,2022-04-15 16:29:11+00:00,2,0,0,"<a href=""http://twitter.com/download/iphone"" rel=""nofollow"">Twitter for iPhone</a>",en
1523356935726063616,2022-05-08 17:39:30+00:00,"LEASE OF MULTI-FUNCTION COMPUTER, LAPTOPS AND PRINTERS FOR PHOTOCOPYING,  PRINTING AND SCANNING SERVICES.-Broadband Systems Corporation Ltd https://t.co/JpuWYstnzO",StarJob8,,0,0,28,2022-04-15 16:29:11+00:00,2,0,0,"<a href=""http://twitter.com/download/iphone"" rel=""nofollow"">Twitter for iPhone</a>",en
1523309411703218177,2022-05-08 14:30:40+00:00,"LEASE OF MULTI-FUNCTION COMPUTER, LAPTOPS AND PRINTERS FOR PHOTOCOPYING, PRINTING AND SCANNING SERVICES.-Broadband Systems Corporation Ltd  https://t.co/JpuWYstnzO",StarJob8,,0,0,28,2022-04-15 16:29:11+00:00,2,0,0,"<a href=""http://twitter.com/download/iphone"" rel=""nofollow"">Twitter for iPhone</a>",en
1523151904804864000,2022-05-08 04:04:47+00:00,"LEASE OF MULTI-FUNCTION COMPUTER, LAPTOPS AND PRINTERS FOR PHOTOCOPYING, PRINTING AND SCANNING SERVICES.-Broadband Systems Corporation Ltd https://t.co/JpuWYsLwNW",StarJob8,,0,0,28,2022-04-15 16:29:11+00:00,2,0,0,"<a href=""http://twitter.com/download/iphone"" rel=""nofollow"">Twitter for iPhone</a>",en
1522958589765238785,2022-05-07 15:16:37+00:00,"LEASE OF MULTI-FUNCTION COMPUTER, LAPTOPS AND PRINTERS FOR PHOTOCOPYING, PRINTING AND SCANNING SERVICES.-Broadband Systems Corporation Ltd https://t.co/idsOJ2Cc8B",StarJob8,,0,0,28,2022-04-15 16:29:11+00:00,2,0,0,"<a href=""http://twitter.com/download/iphone"" rel=""nofollow"">Twitter for iPhone</a>",en
1522951773111083008,2022-05-07 14:49:32+00:00,"LEASE OF MULTI-FUNCTION COMPUTER, LAPTOPS AND PRINTERS FOR PHOTOCOPYING, PRINTING AND SCANNING SERVICES.-Broadband Systems Corporation Ltd https://t.co/uElGyTJNhQ",StarJob8,,0,0,28,2022-04-15 16:29:11+00:00,2,0,0,"<a href=""http://twitter.com/download/iphone"" rel=""nofollow"">Twitter for iPhone</a>",en
1522950907033358336,2022-05-07 14:46:05+00:00,"LEASE OF MULTI-FUNCTION COMPUTER, LAPTOPS AND PRINTERS FOR PHOTOCOPYING, PRINTING AND SCANNING SERVICES.-Broadband Systems Corporation Ltd https://t.co/JpuWYstnzO .",StarJob8,,0,0,28,2022-04-15 16:29:11+00:00,2,0,0,"<a href=""https://mobile.twitter.com"" rel=""nofollow"">Twitter Web App</a>",en
1522858682886803457,2022-05-07 08:39:38+00:00,"LEASE OF MULTI-FUNCTION COMPUTER, LAPTOPS AND PRINTERS FOR PHOTOCOPYING, PRINTING AND SCANNING SERVICES.-Broadband Systems Corporation Ltd https://t.co/JpuWYsKYYo",StarJob8,,0,0,28,2022-04-15 16:29:11+00:00,2,0,0,"<a href=""https://mobile.twitter.com"" rel=""nofollow"">Twitter Web App</a>",en
1522652002047647744,2022-05-06 18:58:21+00:00,"LEASE OF MULTI-FUNCTION COMPUTER, LAPTOPS AND PRINTERS FOR PHOTOCOPYING, PRINTING AND SCANNING SERVICES.-Broadband Systems Corporation Ltd https://t.co/idsOJ2Cc8B",StarJob8,,0,0,28,2022-04-15 16:29:11+00:00,2,0,0,"<a href=""https://mobile.twitter.com"" rel=""nofollow"">Twitter Web App</a>",en
1522642476749709312,2022-05-06 18:20:30+00:00,"LEASE OF MULTI-FUNCTION COMPUTER, LAPTOPS AND PRINTERS FOR PHOTOCOPYING, PRINTING AND SCANNING SERVICES.-Broadband Systems Corporation Ltd https://t.co/0lboowJFji",StarJob8,,0,0,28,2022-04-15 16:29:11+00:00,2,0,0,"<a href=""https://mobile.twitter.com"" rel=""nofollow"">Twitter Web App</a>",en
1522634463166959616,2022-05-06 17:48:39+00:00,"LEASE OF MULTI-FUNCTION COMPUTER, LAPTOPS AND PRINTERS FOR PHOTOCOPYING, PRINTING AND SCANNING SERVICES.-Broadband Systems Corporation Ltd https://t.co/JpuWYstnzO",StarJob8,,0,0,28,2022-04-15 16:29:11+00:00,2,0,0,"<a href=""https://mobile.twitter.com"" rel=""nofollow"">Twitter Web App</a>",en
1522430631380234240,2022-05-06 04:18:42+00:00,"LEASE OF MULTI-FUNCTION COMPUTER, LAPTOPS AND PRINTERS FOR PHOTOCOPYING, PRINTING AND SCANNING SERVICES.-Broadband Systems Corporation Ltd https://t.co/JpuWYsKYYo",StarJob8,,0,0,28,2022-04-15 16:29:11+00:00,2,0,0,"<a href=""https://mobile.twitter.com"" rel=""nofollow"">Twitter Web App</a>",en
1522309133063630849,2022-05-05 20:15:55+00:00,"LEASE OF MULTI-FUNCTION COMPUTER, LAPTOPS AND PRINTERS FOR PHOTOCOPYING, PRINTING AND SCANNING SERVICES.-Broadband Systems Corporation Ltd https://t.co/JpuWYsKYYo",StarJob8,,0,0,28,2022-04-15 16:29:11+00:00,2,0,0,"<a href=""http://twitter.com/download/iphone"" rel=""nofollow"">Twitter for iPhone</a>",en
1522308582968025088,2022-05-05 20:13:43+00:00,"-LEASE OF MULTI-FUNCTION COMPUTER, LAPTOPS AND PRINTERS FOR PHOTOCOPYING, PRINTING AND SCANNING SERVICES.-Broadband Systems Corporation Ltd https://t.co/JpuWYsKYYo",StarJob8,,0,0,28,2022-04-15 16:29:11+00:00,2,0,0,"<a href=""https://mobile.twitter.com"" rel=""nofollow"">Twitter Web App</a>",en
1522298321708138496,2022-05-05 19:32:57+00:00,"LEASE OF MULTI-FUNCTION COMPUTER, LAPTOPS AND PRINTERS FOR PHOTOCOPYING, PRINTING AND SCANNING SERVICES.-Broadband Systems Corporation Ltd https://t.co/JpuWYsKYYo .",StarJob8,,0,0,28,2022-04-15 16:29:11+00:00,2,0,0,"<a href=""https://mobile.twitter.com"" rel=""nofollow"">Twitter Web App</a>",en
1522212082627727360,2022-05-05 13:50:16+00:00,"LEASE OF MULTI-FUNCTION COMPUTER, LAPTOPS AND PRINTERS FOR PHOTOCOPYING, PRINTING AND SCANNING SERVICES.-Broadband Systems Corporation Ltd https://t.co/JpuWYstnzO",StarJob8,,0,0,28,2022-04-15 16:29:11+00:00,2,0,0,"<a href=""https://mobile.twitter.com"" rel=""nofollow"">Twitter Web App</a>",en
1479091252926767105,2022-01-06 14:03:29+00:00,"Broadband Systems Corporation, Ltd (‚ÄúBSC Ltd‚Äù) is looking for a qualified and competent‚ÄúBilling and Recovery Officer‚Äù. 

Visitüëâ https://t.co/eC1a7NTJUc for more information

The deadline to submit your applications is on the 18th of January 2022.#RwOT https://t.co/L1aw64nmxz",JobInRwanda,['RwOT'],2,0,7680,2011-03-01 22:49:33+00:00,622,39,0,"<a href=""https://mobile.twitter.com"" rel=""nofollow"">Twitter Web App</a>",en
1479069078442627081,2022-01-06 12:35:22+00:00,Billing and Recovery Officer at Broadband Systems Corporation Ltd: (Deadline 18 January¬†2022) https://t.co/anII64RcXO,mucuruzicom,,0,0,1722,2013-01-04 09:33:38+00:00,33,0,0,"<a href=""http://publicize.wp.com/"" rel=""nofollow"">WordPress.com</a>",en
1443924833465679874,2021-10-01 13:04:41+00:00,"Broadband Systems Corporation Ltd is looking for qualified and competent candidates to fill the position of Front Desk Officer.

Visitüëâ https://t.co/niif7dMzo3 for more information.

The deadline to submit your applications is on the 8th of October 2021. #RwOT https://t.co/eNm1wkoKQ6",JobInRwanda,['RwOT'],2,2,7680,2011-03-01 22:49:33+00:00,622,39,0,"<a href=""https://mobile.twitter.com"" rel=""nofollow"">Twitter Web App</a>",en
1443923383461236737,2021-10-01 12:58:56+00:00,"Broadband Systems Corporation Ltd is looking for qualified and competent candidates to fill the position of Executive Secretary.

Visitüëâ https://t.co/ox3UsDutOo for more information.

The deadline to submit your applications is on the 8th of October 2021. #RwOT https://t.co/nsgurX9IQP",JobInRwanda,['RwOT'],1,0,7680,2011-03-01 22:49:33+00:00,622,39,0,"<a href=""https://mobile.twitter.com"" rel=""nofollow"">Twitter Web App</a>",en
1443884447707901962,2021-10-01 10:24:13+00:00,2 Job Positions at Broadband Systems Corporation Ltd: (Deadline 8 October¬†2021) https://t.co/zje2l4lxyn,mucuruzicom,,0,0,1722,2013-01-04 09:33:38+00:00,33,0,0,"<a href=""http://publicize.wp.com/"" rel=""nofollow"">WordPress.com</a>",en
1443883318328561670,2021-10-01 10:19:43+00:00,Front Desk Officer at at Broadband Systems Corporation Ltd: (Deadline 8 October¬†2021) https://t.co/hBemOCYWq1,mucuruzicom,,0,0,1722,2013-01-04 09:33:38+00:00,33,0,0,"<a href=""http://publicize.wp.com/"" rel=""nofollow"">WordPress.com</a>",en
1443874267599458326,2021-10-01 09:43:45+00:00,Executive Assistant at Broadband Systems Corporation Ltd: (Deadline 8 October¬†2021) https://t.co/THAlh0EUKp,mucuruzicom,,0,0,1722,2013-01-04 09:33:38+00:00,33,0,0,"<a href=""http://publicize.wp.com/"" rel=""nofollow"">WordPress.com</a>",en
1437768581417037826,2021-09-14 13:21:56+00:00,"Maxis Broadband Sdn Bhd - 10 Oktober 2021 - [https://t.co/Gi9qN223wl]

IJM Corporation Berhad - 9 Oktober 2021 - [https://t.co/nQL0lYiZmy]

MEASAT Satellite Systems Sdn. Bhd. - 6 Oktober 2021 - [https://t.co/GbiyMfFNXb]",haikerja,,0,0,63115,2012-11-19 09:03:49+00:00,34,78,1,"<a href=""https://mobile.twitter.com"" rel=""nofollow"">Twitter Web App</a>",in
1431192266933157888,2021-08-27 09:50:01+00:00,"Broadband Systems Corporation Ltd is recruiting for the position of Senior Network Engineer.

Visitüëâ https://t.co/SbTunXQgGe for more information.

The deadline to submit your application is on the 6th of September 2021. #RwOT #Akazi https://t.co/TsfHp0NcOI",JobInRwanda,"['RwOT', 'Akazi']",2,1,7680,2011-03-01 22:49:33+00:00,622,39,0,"<a href=""https://mobile.twitter.com"" rel=""nofollow"">Twitter Web App</a>",en
1431153275705991173,2021-08-27 07:15:05+00:00,Senior IP Core Network Engineer at Broadband Systems Corporation Ltd: (Deadline 6 September¬†2021) https://t.co/sJo2qakIxg,mucuruzicom,,0,0,1722,2013-01-04 09:33:38+00:00,33,0,0,"<a href=""http://publicize.wp.com/"" rel=""nofollow"">WordPress.com</a>",en
1392748378044485632,2021-05-13 07:47:43+00:00,The Broadband Systems Corporation team wishes a Happy EID MUBARAK  to all Muslims. https://t.co/fiWnX9Lp6d,bscrw,,0,4,1199,2011-11-21 08:37:01+00:00,90,4,0,"<a href=""http://twitter.com/download/iphone"" rel=""nofollow"">Twitter for iPhone</a>",en
1381965722495152129,2021-04-13 13:41:18+00:00,"$MADI LOI in there as well ""Madison Systems Inc. is also excited to announce we have entered into a letter of intent (LOI) to purchase 50% of outstanding shares of First Broadband Group (FBG), a corporation registered under the laws of Alberta."" 8M float. Look at that L2 ha https://t.co/VNoSXIKjxy",Jcazz17,,2,2,25749,2012-03-09 01:34:41+00:00,67754,314,0,"<a href=""https://mobile.twitter.com"" rel=""nofollow"">Twitter Web App</a>",en
1379540660676657155,2021-04-06 21:04:58+00:00,"@CNN Every corporation in the country uses roads, highways, bridges, water systems, clean air, locks and dams, broadband, sewage.  Amazon paid zero in federal income tax. Trump paid $750.00.",JimHill53861607,,0,1,86,2019-09-26 16:59:37+00:00,9644,1,1,"<a href=""http://twitter.com/#!/download/ipad"" rel=""nofollow"">Twitter for iPad</a>",en
1377619112621453319,2021-04-01 13:49:26+00:00,#RwandaICTChamber is the gateway to the world of technology from Rwanda! Broadband Systems Corporation @bscrw reveals WHY becoming a member of Rwanda ICT Chamber. @PSF_Rwanda @RDBrwanda https://t.co/ApeuymXPBI,rwictchamber,['RwandaICTChamber'],13,50,7364,2016-11-22 16:18:07+00:00,2319,39,0,"<a href=""https://mobile.twitter.com"" rel=""nofollow"">Twitter Web App</a>",en
1351236305301233666,2021-01-18 18:33:34+00:00,"This is one of several reasons why broadband should NOT be satellite based. In addition: more complexity and much lower performance re latency and throughput than *hard-wired* systems, much higher cost, reliance on a single corporation, less reliability. BUT $$$$$ for Elon, so...",hank4ky,,0,1,685,2018-01-08 04:45:30+00:00,211,20,0,"<a href=""https://mobile.twitter.com"" rel=""nofollow"">Twitter Web App</a>",en
1326814965907513344,2020-11-12 09:11:53+00:00,"Broadband Systems Corporation Ltd invites qualified bidders to submit bids to tender for the Supply of Mobile phones.

Visitüëâüèæhttps://t.co/SkoP8EgVmt for more information.

The deadline is on the 20th-11-2020 at 10:00
#RwOT https://t.co/beYHBiO4ru",JobInRwanda,['RwOT'],1,2,7680,2011-03-01 22:49:33+00:00,622,39,0,"<a href=""https://mobile.twitter.com"" rel=""nofollow"">Twitter Web App</a>",en
1321012586222112769,2020-10-27 08:55:18+00:00,Information Systems and Network Security Manager at Broadband Systems Corporation ltd: (Deadline 2 November¬†2020) https://t.co/RXkICTi4U6,mucuruzionline,,0,0,250,2016-06-30 12:37:09+00:00,9,1,0,"<a href=""http://publicize.wp.com/"" rel=""nofollow"">WordPress.com</a>",en
1320750133831700483,2020-10-26 15:32:24+00:00,"Broadband Systems Corporation Ltd is looking for an  Information Systems and Network Security Manager,

Visitüëâüèæhttps://t.co/Wfd0Qztgvz for more information.

Apply before the 02nd-11-2020 23:45
#RwOT https://t.co/OEA7IvAfcG",JobInRwanda,['RwOT'],0,2,7680,2011-03-01 22:49:33+00:00,622,39,1,"<a href=""https://mobile.twitter.com"" rel=""nofollow"">Twitter Web App</a>",en
1314185241343467522,2020-10-08 12:45:52+00:00,"Broadband Systems Corporation Ltd invites qualified bidders to submit bids for the Supply of HDPE and Couplers to Be Used for Fiber Installation for 1 Year Framework Contract,

Clicküëâüèæhttps://t.co/9iDOAXUixe for more information.

The deadline is on the 16th-10-2020 10:00
#RwOT https://t.co/wdQIKIUhY4",JobInRwanda,['RwOT'],1,1,7680,2011-03-01 22:49:33+00:00,622,39,0,"<a href=""https://mobile.twitter.com"" rel=""nofollow"">Twitter Web App</a>",en
1314179953471229952,2020-10-08 12:24:51+00:00,"Consultancy Service to Design and Implementation of a Customer Relationship Management (CRM) Software and Call Center System for Broadband Systems Corporation Ltd,

Clicküëâüèæhttps://t.co/YY2ZjokNrs for more information.

The deadline is on the 13th-10-2020 10:00
#RwOT https://t.co/r9IketjEQW",JobInRwanda,['RwOT'],2,1,7680,2011-03-01 22:49:33+00:00,622,39,0,"<a href=""https://mobile.twitter.com"" rel=""nofollow"">Twitter Web App</a>",en
1314156548554452992,2020-10-08 10:51:51+00:00,Supply of HDPE and Couplers to Be Used for Fiber Installation for 1 Year Framework Contract at Broadband Systems Corporation Ltd : (Deadline 16 October¬†2020) https://t.co/4aczJtQWye,mucuruzionline,,0,0,250,2016-06-30 12:37:09+00:00,9,1,0,"<a href=""http://publicize.wp.com/"" rel=""nofollow"">WordPress.com</a>",en
1305530553538674689,2020-09-14 15:35:14+00:00,"Manager, Legal and Regulatory Affairs at Broadband Systems Corporation Ltd: Deadline: 21-09-2020 

 https://t.co/xpqEXgEfPC",MirrorNews3,,0,0,7,2020-08-17 23:07:55+00:00,229,1,0,"<a href=""http://twitter.com/download/android"" rel=""nofollow"">Twitter for Android</a>",en
1305485189687242752,2020-09-14 12:34:58+00:00,"Manager, Legal and Regulatory Affairs at Broadband Systems Corporation Ltd: (Deadline 21 September¬†2020) https://t.co/rBTAJSn5FL",mucuruzionline,,0,0,250,2016-06-30 12:37:09+00:00,9,1,0,"<a href=""http://publicize.wp.com/"" rel=""nofollow"">WordPress.com</a>",en
1305463155183751169,2020-09-14 11:07:25+00:00,"Broadband Systems Corporation Ltd is looking for a Manager, Legal and Regulatory Affairs,

Clicküëâüèæhttps://t.co/pEnaFZjWzW for more information.

Apply before the 21st-09-2020 17:00
#RwOT https://t.co/PnqzJTEP9n",JobInRwanda,['RwOT'],1,0,7680,2011-03-01 22:49:33+00:00,622,39,0,"<a href=""https://mobile.twitter.com"" rel=""nofollow"">Twitter Web App</a>",en
1300433867661340672,2020-08-31 14:02:49+00:00,"Broadband Systems Corporation (BSC), one of the leading IT companies in Rwanda handed out smartphones to 100 RDF ex-combatants living with disabilities in Nyagatare &amp; Kicukiro districts.

The smartphones came with SIM cards &amp; free internet for 12 months.

https://t.co/8NHleVfugP https://t.co/rS0G67NfzA",NewTimesRwanda,,7,19,370814,2010-09-16 15:15:50+00:00,475,542,0,"<a href=""https://buffer.com"" rel=""nofollow"">Buffer</a>",en
1299706782592438272,2020-08-29 13:53:39+00:00,Broadband Systems Corporation (BSC) has handed out smartphones to 100 #Rwanda Defence Force (RDF) ex-combatants living with disabilities in Nyagatare and Kicukiro districts. https://t.co/pczI8r2Wee,kamikazijosi,['Rwanda'],0,0,3657,2014-08-15 08:58:38+00:00,4986,43,0,"<a href=""https://mobile.twitter.com"" rel=""nofollow"">Twitter Web App</a>",en
1217086808611270657,2020-01-14 14:11:22+00:00,Japan‚Äôs AxelSpace Partners With Rwanda‚Äôs Broadband Systems Corporation To Provide Satellite Imagery To African Countries https://t.co/H92KFpLk5Q #noticiascartograficas https://t.co/96eSe6NDa8,emvolpi,['noticiascartograficas'],0,1,1066,2008-11-13 01:25:14+00:00,1826,63,0,"<a href=""http://twitter.com"" rel=""nofollow"">Twitter Web Client</a>",en
1187334201613471744,2019-10-24 11:45:07+00:00,"The Tanzania Telecommunications Corporation (TTCL) on Tuesday signed an agreement with Burundi Backbone Systems (BBS), aimed at providing broadband internet services to the tiny East African nation. https://t.co/G61enUSnDm https://t.co/QJFN7Ax3O4",TheNamibian,,6,12,312897,2009-05-18 10:42:01+00:00,1449,374,0,"<a href=""https://buffer.com"" rel=""nofollow"">Buffer</a>",en
1182662016944746498,2019-10-11 14:19:32+00:00,Japan‚Äôs AxelSpace Partners With Rwanda‚Äôs Broadband Systems Corporation To Provide Satellite Imagery To African¬†Countries https://t.co/1XiQ9urcwh,ASM_Magazine,,0,0,600,2011-03-14 16:46:54+00:00,0,32,0,"<a href=""http://publicize.wp.com/"" rel=""nofollow"">WordPress.com</a>",en
1182256987893108737,2019-10-10 11:30:05+00:00,Japan's AxelSpace Partners With Rwanda's Broadband Systems Corporation To Provide Satellite Imagery To African Countries #SpaceWatchGL https://t.co/ANNlQjifna https://t.co/xT1DKlG6NC,SpaceWatchGL,['SpaceWatchGL'],4,2,7741,2015-12-07 23:10:31+00:00,1497,175,0,"<a href=""https://www.blog2social.com"" rel=""nofollow"">Blog2Social APP</a>",en
1181866658685693952,2019-10-09 09:39:04+00:00,Japan's AxelSpace Partners With Rwanda's Broadband Systems Corporation To Provide Satellite Imagery To African Countries #SpaceWatchGL https://t.co/ANNlQjifna https://t.co/uEQO5MSY8g,SpaceWatchGL,['SpaceWatchGL'],3,0,7741,2015-12-07 23:10:31+00:00,1497,175,0,"<a href=""https://www.blog2social.com"" rel=""nofollow"">Blog2Social APP</a>",en
1181637942386798593,2019-10-08 18:30:13+00:00,"Tokyo-based Axelpace Corporation announces a partnership with Broadband Systems Corporation (BSC) to provide Earth Observation Data from AxelGlobe, the Daily Earth Observation Platform, to African Nations.

https://t.co/5muSvAi3ZZ",spaceinafrica1,,1,2,4401,2018-02-28 15:57:50+00:00,3483,88,0,"<a href=""https://crowdfireapp.com"" rel=""nofollow"">Crowdfire App</a>",en
1181472097908019201,2019-10-08 07:31:13+00:00,Japan's AxelSpace Partners With Rwanda's Broadband Systems Corporation To Provide Satellite Imagery To African Countries #SpaceWatchGL https://t.co/ANNlQjifna https://t.co/qqsKiQhkPs,SpaceWatchGL,['SpaceWatchGL'],3,0,7741,2015-12-07 23:10:31+00:00,1497,175,0,"<a href=""https://www.blog2social.com"" rel=""nofollow"">Blog2Social APP</a>",en
1181186520688025600,2019-10-07 12:36:26+00:00,Japan‚Äôs AxelSpace Partners With Rwanda‚Äôs Broadband Systems Corporation To Provide Satellite Imagery To African¬†Countries https://t.co/XesPU8oSLz https://t.co/EBuKCOinUh,greatlakespost,,0,1,3954,2013-10-19 01:15:54+00:00,3013,17,0,"<a href=""http://publicize.wp.com/"" rel=""nofollow"">WordPress.com</a>",en
1181107779341299712,2019-10-07 07:23:33+00:00,Japan's AxelSpace Partners With Rwanda's Broadband Systems Corporation To Provide Satellite Imagery To African Countries #SpaceWatchGL @axelspace_en https://t.co/ANNlQjifna https://t.co/ERNO9uhwec,SpaceWatchGL,['SpaceWatchGL'],5,0,7741,2015-12-07 23:10:31+00:00,1497,175,0,"<a href=""https://www.blog2social.com"" rel=""nofollow"">Blog2Social APP</a>",en
1172450417206185987,2019-09-13 10:02:17+00:00,"„Ç¢„ÇØ„Çª„É´„Çπ„Éö„Éº„Çπ„Åï„ÇìÂà©Áî®ÊèêÊê∫„Åô„Åô„Çì„Åß„Åç„Åæ„Åó„Åü„ÄÇ„ÄÅ

AxelGlobeÂú∞ÁêÉË¶≥Ê∏¨„Éá„Éº„Çø„ÅÆ„Ç¢„Éï„É™„Ç´Ë´∏ÂõΩ„Åß„ÅÆÂà©Áî®„Å´Èñ¢„Åô„ÇãBroadband Systems Corporation„Å®„ÅÆÊèêÊê∫„ÅÆ„ÅäÁü•„Çâ„Åõ | Ê†™Âºè‰ºöÁ§æ„Ç¢„ÇØ„Çª„É´„Çπ„Éö„Éº„Çπ https://t.co/0BV0toVC9e",nvslive,,2,4,8194,2011-08-11 07:01:52+00:00,3586,415,0,"<a href=""http://twitter.com/download/android"" rel=""nofollow"">Twitter for Android</a>",ja
1172414965438746625,2019-09-13 07:41:24+00:00,"üöÄüá∑üáº„Ç¢„ÇØ„Çª„É´„Çπ„Éö„Éº„ÇπÁ§æ„ÄÅ„É´„ÉØ„É≥„ÉÄ„ÅÆ„Éç„ÉÉ„Éà‰∫ãÊ•≠ËÄÖ„Å®ÊèêÊê∫üáØüáµüöÄ

„Ç¢„ÇØ„Çª„É´„Çπ„Éö„Éº„Çπ„Åã„Çâ„ÇÇ„ÅÜ‰∏Ä„Å§„Éã„É•„Éº„Çπ„Åå„ÄÇ„É´„ÉØ„É≥„ÉÄÂÖ±ÂíåÂõΩ„Ç≠„Ç¨„É™Â∏Ç„ÅÆ„Ç§„É≥„Çø„Éº„Éç„ÉÉ„Éà„Çµ„Éº„Éì„Çπ‰∫ãÊ•≠ËÄÖ„ÉªBroadband Systems CorporationÁ§æ„Å®„ÄÅ
Âú∞ÁêÉË¶≥Ê∏¨„Éá„Éº„Çø„ÅÆ„Ç¢„Éï„É™„Ç´Ë´∏ÂõΩ„Å∏„ÅÆÊèê‰æõ„Å´Èñ¢„Åó„Å¶ÊèêÊê∫„Åó„Åü„Å®„ÅÆ„Åì„Å®„Åß„Åô„ÄÇ
https://t.co/jgyTMPZ0Gu",jaxabiz,,2,8,35230,2017-10-31 01:38:44+00:00,10037,330,0,"<a href=""http://twitter.com"" rel=""nofollow"">Twitter Web Client</a>",ja
1172380316243128320,2019-09-13 05:23:43+00:00,AxelGlobeÂú∞ÁêÉË¶≥Ê∏¨„Éá„Éº„Çø„ÅÆ„Ç¢„Éï„É™„Ç´Ë´∏ÂõΩ„Åß„ÅÆÂà©Áî®„Å´Èñ¢„Åô„ÇãBroadband Systems Corporation„Å®„ÅÆÊèêÊê∫„ÅÆ„ÅäÁü•„Çâ„Åõ | Ê†™Âºè‰ºöÁ§æ„Ç¢„ÇØ„Çª„É´„Çπ„Éö„Éº„Çπ https://t.co/OCCvsXgSu7,matiere,,0,0,2512,2008-06-22 00:09:52+00:00,25819,213,0,"<a href=""https://bitly.com/"" rel=""nofollow"">Bitly</a>",ja
1169843716103622656,2019-09-06 05:24:11+00:00,"Ê†™Âºè‰ºöÁ§æ„ÉØ„Éº„Éó„Çπ„Éö„Éº„Çπ„Ç∏„Éñ„ÉÅÂõΩÂñ∂ÈÄö‰ø°‰ºÅÊ•≠Djibouti Telecom„Åä„Çà„Å≥„É´„ÉØ„É≥„ÉÄÂõΩÂñ∂ÈÄö‰ø°‰ºÅÊ•≠Broadband Systems Corporation, Ltd¬†„Å®„ÅÆMOU„ÇíÁ∑†Áµê https://t.co/8qEmNd9FWN",sivanakai,,0,0,10891,2010-04-16 15:17:02+00:00,18859,3,0,"<a href=""http://publicize.wp.com/"" rel=""nofollow"">WordPress.com</a>",ja
1169843713540947976,2019-09-06 05:24:10+00:00,Ê†™Âºè‰ºöÁ§æDouble Feather Partners„ÉØ„Éº„Éó„Çπ„Éö„Éº„Çπ√óDouble Feather Partners„ÄÅ„Ç∏„Éñ„ÉÅ‰ºÅÊ•≠Djibouti Telecom„Åä„Çà„Å≥„É´„ÉØ„É≥„ÉÄ‰ºÅÊ•≠Broadband Systems Corporation„Å®„ÅÆMOU„ÇíÁ∑†Áµê https://t.co/z29gh2i9xP,sivanakai,,0,0,10891,2010-04-16 15:17:02+00:00,18859,3,0,"<a href=""http://publicize.wp.com/"" rel=""nofollow"">WordPress.com</a>",ja
1169832340861767680,2019-09-06 04:38:59+00:00,"„Ç∏„Éñ„ÉÅÂõΩÂñ∂ÈÄö‰ø°‰ºÅÊ•≠Djibouti Telecom„Åä„Çà„Å≥„É´„ÉØ„É≥„ÉÄÂõΩÂñ∂ÈÄö‰ø°‰ºÅÊ•≠Broadband Systems Corporation, Ltd „Å®„ÅÆMOU„ÇíÁ∑†Áµê https://t.co/5LvQgpAtxl https://t.co/uVM8CsI8eX",PRTIMES_STUP,,0,0,29389,2014-06-16 06:26:20+00:00,551,296,0,"<a href=""http://prtimes.jp/"" rel=""nofollow"">PRTIMES_STUP</a>",ja
1169828177343959040,2019-09-06 04:22:26+00:00,"[Warpspace Co., Ltd.] Concluded MOU with Djibouti Telecom, Djibouti Telecom and Broadband Systems Corporation, Ltd,¬†Rwanda https://t.co/CI6aQYjXZk https://t.co/rr26HqeSXE",rehownet2,,0,0,464,2019-03-18 01:37:26+00:00,2,6,0,"<a href=""http://publicize.wp.com/"" rel=""nofollow"">WordPress.com</a>",en
1169827119687335937,2019-09-06 04:18:14+00:00,"„Ç∏„Éñ„ÉÅÂõΩÂñ∂ÈÄö‰ø°‰ºÅÊ•≠Djibouti Telecom„Åä„Çà„Å≥
„É´„ÉØ„É≥„ÉÄÂõΩÂñ∂ÈÄö‰ø°‰ºÅÊ•≠Broadband Systems Corporation, Ltd „Å®„ÅÆMOU„ÇíÁ∑†Áµê

„Äú„Ç¢„Éï„É™„Ç´Áô∫„ÅÆÂÆáÂÆôÁî£Ê•≠Áô∫Â±ï„Å´Âêë„Åë„ÅüË°õÊòüÈñãÁô∫ÊäÄË°ì„Å®ÈÄö‰ø°„Ç§„É≥„Éï„É©„ÅÆ‰æõÁµ¶„Å´Èñ¢„Åô„ÇãÈÄ£Êê∫ÂçîÂÆö„ÇíÂÆüÊñΩ„Äú

„Å´„Å§„ÅÑ„Å¶„É™„É™„Éº„Çπ„ÇíÂÖ¨Èñã„Åó„Åæ„Åó„Åü„ÄÇ https://t.co/x6zH2FzaXe",warpspace_inc,,0,3,1190,2016-06-21 10:12:59+00:00,1275,31,0,"<a href=""https://mobile.twitter.com"" rel=""nofollow"">Twitter Web App</a>",ja
1169826125339447296,2019-09-06 04:14:17+00:00,"„É™„É™„Éº„Çπ„Åó„Åæ„Åó„Åü„ÄÇ
„Ç¢„Éï„É™„Ç´„Å´„Åä„Åë„ÇãÂÆáÂÆôÁî£Ê•≠„ÅÆÂâµÂá∫„Çí„ÄÅË∂ÖÂ∞èÂûãË°õÊòü„ÅÆÈñãÁô∫ÊäÄË°ì„Å®ÈÄö‰ø°„Ç§„É≥„Éï„É©„Åß‰∏ãÊîØ„Åà„Åó„Å¶„ÅÑ„Åç„Åæ„Åô

„ÉØ„Éº„Éó„Çπ„Éö„Éº„Çπ„ÄÅ„Ç∏„Éñ„ÉÅÂõΩÂñ∂ÈÄö‰ø°‰ºÅÊ•≠Djibouti Telecom„Åä„Çà„Å≥„É´„ÉØ„É≥„ÉÄÂõΩÂñ∂ÈÄö‰ø°‰ºÅÊ•≠Broadband Systems Corporation, Ltd „Å®„ÅÆMOU„ÇíÁ∑†Áµê
https://t.co/hsrvKIinGn",tsunemachi,,4,14,1357,2017-03-31 07:40:43+00:00,9078,21,0,"<a href=""http://twitter.com/download/iphone"" rel=""nofollow"">Twitter for iPhone</a>",ja
1169824507516686339,2019-09-06 04:07:51+00:00,"„Ç∏„Éñ„ÉÅÂõΩÂñ∂ÈÄö‰ø°‰ºÅÊ•≠Djibouti Telecom„Åä„Çà„Å≥„É´„ÉØ„É≥„ÉÄÂõΩÂñ∂ÈÄö‰ø°‰ºÅÊ•≠Broadband Systems Corporation, Ltd „Å®„ÅÆMOU„ÇíÁ∑†Áµê https://t.co/oBTqoEb4VK https://t.co/ufH1oVUUmX",PRTIMES_NEWS,,0,1,44092,2016-11-16 07:52:07+00:00,9742,379,0,"<a href=""https://prtimes.jp"" rel=""nofollow"">PRTIMES_NEWS</a>",ja
1169824157321723905,2019-09-06 04:06:28+00:00,„ÉØ„Éº„Éó„Çπ„Éö„Éº„Çπ√óDouble Feather Partners„ÄÅ„Ç∏„Éñ„ÉÅ‰ºÅÊ•≠Djibouti Telecom„Åä„Çà„Å≥„É´„ÉØ„É≥„ÉÄ‰ºÅÊ•≠Broadband Systems Corporation„Å®„ÅÆMOU„ÇíÁ∑†Áµê https://t.co/45qhl1hvvs https://t.co/aefH8gLWGQ,wmr_startup,,0,0,1526,2018-04-08 14:01:05+00:00,97,20,0,"<a href=""http://publicize.wp.com/"" rel=""nofollow"">WordPress.com</a>",ja
1131146881856397315,2019-05-22 10:36:46+00:00,"@KaniripOgirri Corporation will be able to connect via broadband to the internet, empowering them to take advantage of IoT systems, education institutions will be fully connected to the world, govt institutions will be able to provide digital services and reduce bureaucracy &amp; looting, etc.",noafasina,,0,0,670,2010-09-24 03:37:55+00:00,2981,12,1,"<a href=""https://about.twitter.com/products/tweetdeck"" rel=""nofollow"">TweetDeck</a>",en
1116799001624481794,2019-04-12 20:23:25+00:00,"Ikigo cyigenga gitanga serivisi za internet, Broadband Systems Corporation (BSC), cyifatanyije n‚Äôabanyarwanda mu kwibuka ku nshuro ya 25 inzirakarengane zazize jenoside yakorewe abatutsi mu 1994. IGIHE #RwOT ‚Üíhttps://t.co/mKyDGwI8Sp
#Kwibuka25 

‚úç @thamimu20 https://t.co/ligVuQL3Wc",IGIHE,"['RwOT', 'Kwibuka25']",2,8,387334,2009-09-13 12:56:16+00:00,4352,180,0,"<a href=""http://twitter.com/download/android"" rel=""nofollow"">Twitter for Android</a>",in
1114783831951855617,2019-04-07 06:55:51+00:00,"The management and staff of Broadband Systems Corporation stand together with the nation for the 25th commemoration of the 1994 Genocide against the Tutsi.

#Kwibuka25 https://t.co/hCNooClSTB",bscrw,['Kwibuka25'],0,4,1199,2011-11-21 08:37:01+00:00,90,4,0,"<a href=""http://twitter.com"" rel=""nofollow"">Twitter Web Client</a>",en
1107991979890229248,2019-03-19 13:07:28+00:00,"Front Desk Officer at Broadband Systems Corporation, Ltd, Kigali - CLOSE: 26/03/2019 ‚ú≠ https://t.co/b43jKFxrBh https://t.co/X2OjvEv9tF",tohoza,,0,0,2592,2010-11-11 08:47:11+00:00,14,30,0,"<a href=""http://www.facebook.com/twitter"" rel=""nofollow"">Facebook</a>",en
1107991433963806720,2019-03-19 13:05:17+00:00,"Front Desk Officer at Broadband Systems Corporation, Ltd, Kigali - CLOSE: 26/03/2019 ‚ú≠ TOHOZA HERE: https://t.co/lS2pIyDgde",tohoza,,0,0,2592,2010-11-11 08:47:11+00:00,14,30,0,"<a href=""http://twitter.com"" rel=""nofollow"">Twitter Web Client</a>",en
1085424365708197889,2019-01-16 06:31:49+00:00,"Some great job opportunities have opened up at Conway Corporation. Broadband/Voice Services Technician, Systems Analyst, Mobile Developer to name a few... 

Apply Today!! https://t.co/7SJCxJdRh4",JasonWHansen,,0,1,525,2013-02-07 14:24:36+00:00,5102,33,0,"<a href=""http://www.linkedin.com/"" rel=""nofollow"">LinkedIn</a>",en
1073951341352022022,2018-12-15 14:42:07+00:00,"Joining RDB were members of the private sector: Broadband Systems Corporation, Glo Creations, Angle Trading, Kinunu Wonders, Rwanda events, MICOF Ltd, Rwanda mountain tea, Sorwathe Ltd, Inyange  industries Ltd, Ets Urwibutso and Kinazi. https://t.co/ysqdj01Alr",RDBrwanda,,3,8,321299,2011-03-15 06:06:01+00:00,5586,356,0,"<a href=""http://twitter.com/download/iphone"" rel=""nofollow"">Twitter for iPhone</a>",en
1058042384729210881,2018-11-01 17:05:36+00:00,Broadband Systems Corporation Ltd  is hiring Suppliers for a #job in #Rwanda. Visit us to read more. Deadline is 07-11-2018. https://t.co/lIXdmyhqwm,JobInRwanda,"['job', 'Rwanda']",0,0,7680,2011-03-01 22:49:33+00:00,622,39,0,"<a href=""http://www.facebook.com/twitter"" rel=""nofollow"">Facebook</a>",en
1055493211098112001,2018-10-25 16:16:06+00:00,Broadband Systems Corporation Ltd  is hiring a Supplier for a #job in #Rwanda. Visit us to read more. Deadline is 26-10-2018. https://t.co/dIfQ0G487a,JobInRwanda,"['job', 'Rwanda']",1,0,7680,2011-03-01 22:49:33+00:00,622,39,0,"<a href=""http://www.facebook.com/twitter"" rel=""nofollow"">Facebook</a>",en
1044254876233093120,2018-09-24 15:58:58+00:00,Broadband Systems Corporation Ltd  is hiring a Data Entry for a #job in #Rwanda. Visit us to read more. Deadline is Friday 28th September 2018. https://t.co/AXxawn4LNQ,JobInRwanda,"['job', 'Rwanda']",0,1,7680,2011-03-01 22:49:33+00:00,622,39,0,"<a href=""http://www.facebook.com/twitter"" rel=""nofollow"">Facebook</a>",en
1039547093659148288,2018-09-11 16:11:55+00:00,"Yahsat unveils ka-band satellite broadband services in Africa-
https://t.co/yDmfBBQzzG
Yahsat, a global satellite operator based in the¬†United Arab Emirates and Hughes Network Systems (HUGHES), a subsidiary of EchoStar Corporation, have partnered to provide commercial Ka-ban... https://t.co/Xdjn8l5gFX",BusinessTrumpet,,0,0,660,2015-08-19 13:00:47+00:00,11,2,0,"<a href=""https://businesstrumpet.com"" rel=""nofollow"">social media auto pblish</a>",en
1024176376197173251,2018-07-31 06:14:11+00:00,"Wafer Fab Operator - EMCORE Corporation - Alhambra, CA: Job Description EMCORE Corporation designs and manufactures Indium Phosphide (InP) optical chips, components, subsystems and systems for the broadband and specialty fiber optics market. EMCORE was‚Ä¶ https://t.co/9OaaC1e7pP",DSRecruitsPWD,,0,0,1293,2016-08-10 14:39:59+00:00,418,70,0,"<a href=""https://dlvrit.com/"" rel=""nofollow"">dlvr.it</a>",en
1024176354634301442,2018-07-31 06:14:05+00:00,"Wafer Test Operator I - EMCORE Corporation - Alhambra, CA: Job Description EMCORE Corporation designs and manufactures Indium Phosphide (InP) optical chips, components, subsystems and systems for the broadband and specialty fiber optics market. EMCORE‚Ä¶ https://t.co/xYcpGqGA9R",DSRecruitsPWD,,0,0,1293,2016-08-10 14:39:59+00:00,418,70,0,"<a href=""https://dlvrit.com/"" rel=""nofollow"">dlvr.it</a>",en
1019629564920762368,2018-07-18 17:06:46+00:00,"Wireless Broadband Systems 2018 Global Market Key Players - AT&amp;T Inc., Harris Corporation, Nokia Networks, Alcatel-Lucent S.A., Airbus Group, Inc...... https://t.co/g6HQnSywkX via @IndustryToday",IndustryToday,,0,0,6271,2009-07-06 18:24:37+00:00,54,226,0,"<a href=""http://twibble.io"" rel=""nofollow"">Twibble.io</a>",en
1013099929030578176,2018-06-30 16:40:20+00:00,"Job at BROADBAND SYSTEMS CORPORATION, LTD (BSC Ltd) : 2 Positions available (Deadline: 10 July¬†2018) https://t.co/xAn18dkVHv https://t.co/e2ZT9BADVJ",mucuruzionline,,0,0,250,2016-06-30 12:37:09+00:00,9,1,0,"<a href=""http://publicize.wp.com/"" rel=""nofollow"">WordPress.com</a>",en
1012550640948609024,2018-06-29 04:17:39+00:00,Marketing officer -Broadband Systems Corporation Ltd https://t.co/sA7gGjZ1Hj https://t.co/kz2QM6QlZS,jobplusrw,,0,1,139,2017-11-22 05:39:35+00:00,1,0,0,"<a href=""http://publicize.wp.com/"" rel=""nofollow"">WordPress.com</a>",en
1012549354106867713,2018-06-29 04:12:32+00:00,Procurement Specialist -Broadband Systems Corporation Ltd https://t.co/IAXrcxAqRD https://t.co/mAFoGjD6c4,jobplusrw,,0,1,139,2017-11-22 05:39:35+00:00,1,0,0,"<a href=""http://publicize.wp.com/"" rel=""nofollow"">WordPress.com</a>",en
1003560483910062080,2018-06-04 08:53:59+00:00,"Operator II, Production - EMCORE Corporation - Alhambra, CA: Job Description EMCORE Corporation designs and manufactures Indium Phosphide (InP) optical chips, components, subsystems and systems for the broadband and specialty fiber optics market. EMCORE‚Ä¶ https://t.co/pxJgmE8PZx",DSRecruitsPWD,,0,0,1293,2016-08-10 14:39:59+00:00,418,70,0,"<a href=""https://dlvrit.com/"" rel=""nofollow"">dlvr.it</a>",en
999329010155999234,2018-05-23 16:39:37+00:00,Rwandan ISP Broadband Systems Corporation (BSC) has signed a contract with VT iDirect for the expansion of its business-focussed VSAT satellite services in Rwanda and neighbouring countries.,BalancingActAfr,,0,0,4300,2010-11-01 18:35:44+00:00,26,714,0,"<a href=""https://about.twitter.com/products/tweetdeck"" rel=""nofollow"">TweetDeck</a>",en
999328940392091648,2018-05-23 16:39:20+00:00,Rwandan ISP Broadband Systems Corporation (BSC) has signed a contract with VT iDirect for the expansion of its business-focussed VSAT satellite services in Rwanda and neighbouring countries.,SmartMonkeyTV,,0,0,2064,2011-06-07 16:33:40+00:00,11,599,0,"<a href=""https://about.twitter.com/products/tweetdeck"" rel=""nofollow"">TweetDeck</a>",en
999184536524218368,2018-05-23 07:05:32+00:00,Broadband Systems Corporation launches iDirect network to expand broadband service across¬†Africa https://t.co/TTE9MeQ15E,CORPcoza,,0,0,1220,2010-09-19 16:22:20+00:00,8,11,0,"<a href=""http://publicize.wp.com/"" rel=""nofollow"">WordPress.com</a>",en
999175076569378817,2018-05-23 06:27:56+00:00,Broadband Systems Corporation launches @iDirect network to expand #broadband service across #Africa https://t.co/xUreL9L0WD https://t.co/X6YakUm5PX,AfricaBizz,"['broadband', 'Africa']",3,3,12493,2010-07-01 08:53:39+00:00,142,349,0,"<a href=""http://twitter.com"" rel=""nofollow"">Twitter Web Client</a>",en
998931487331364865,2018-05-22 14:20:00+00:00,https://t.co/rqcQ3V6So8 Broadband Systems Corporation Launches iDirect Network to Expand Broadband Service Across Africa,prpnews,,0,0,1766,2010-07-14 12:02:43+00:00,1,267,0,"<a href=""http://www.pressreleasepoint.com/"" rel=""nofollow"">PressReleasePoint.Com</a>",en
998909061423919104,2018-05-22 12:50:53+00:00,"Broadband Systems Corporation Launches iDirect Network to Expand Broadband Service Across Africa - Service provider to upgrade its enterprise satellite service and capitalize on growing business, government &amp; mobile backhaul opportunities https://t.co/gupR4LX6lu https://t.co/SAtwlu5Zuu",iDirect,,0,1,5513,2008-07-29 18:46:30+00:00,5121,134,0,"<a href=""https://sproutsocial.com"" rel=""nofollow"">Sprout Social</a>",en
998888499708416001,2018-05-22 11:29:11+00:00,"Broadband Systems Corporation launches iDirect network to expand broadband service across Africa #iDirect #VSAT #Satellite #satcom #Africa #Broadband #Rwanda
https://t.co/x0sHc8rKGZ https://t.co/A48TKADq7E",SpaceNewsfeed,"['iDirect', 'VSAT', 'Satellite', 'satcom', 'Africa', 'Broadband', 'Rwanda']",0,1,1585,2011-06-07 10:55:52+00:00,6541,48,0,"<a href=""http://twitter.com"" rel=""nofollow"">Twitter Web Client</a>",en
988313987094806528,2018-04-23 07:09:51+00:00,"BSC yafashije impfubyi gutangiza umushinga wari waraheze mu mpapuro

Ipfubyi za Jenoside 13 zibumbiye muri ‚ÄúOne Vision Cooperative‚Äù zatewe inkunga na Broadband Systems Corporation (BSC) ya miliyoni y‚Äôamafaranga y‚Äôu... https://t.co/VpvJba9IEr",Placidie2,,0,0,166,2017-05-12 09:17:19+00:00,702,0,0,"<a href=""https://ifttt.com"" rel=""nofollow"">IFTTT</a>",in
988174259397808129,2018-04-22 21:54:37+00:00,"BSC yafashije impfubyi gutangiza umushinga wari waraheze mu mpapuro

Ipfubyi za Jenoside 13 zibumbiye muri ‚ÄúOne Vision Cooperative‚Äù zatewe inkunga na Broadband Systems Corporation (BSC) ya miliyoni y‚Äôamafaranga y‚Äôu... https://t.co/yz0E9e3Yhl",Umuseke,,0,1,31103,2011-07-20 14:42:13+00:00,2089,75,0,"<a href=""http://www.facebook.com/twitter"" rel=""nofollow"">Facebook</a>",in
908988196570222592,2017-09-16 09:37:28+00:00,Utah Retirement Systems Holds Position in Liberty Broadband Corporation $LBRDA https://t.co/bbPgQfo8bz,midetimes,,0,0,678,2013-12-28 20:16:47+00:00,0,87,0,"<a href=""https://ifttt.com"" rel=""nofollow"">IFTTT</a>",en
908987700446982144,2017-09-16 09:35:30+00:00,Utah Retirement Systems Holds Position in Liberty Broadband Corporation $LBRDA https://t.co/5vQX0r17ty,dailypoliticaln,,0,0,1394,2014-02-11 19:38:04+00:00,0,84,0,"<a href=""https://ifttt.com"" rel=""nofollow"">IFTTT</a>",en
908987639377924096,2017-09-16 09:35:16+00:00,Utah Retirement Systems Holds Position in Liberty Broadband Corporation $LBRDA https://t.co/3WABf57f5s,WKRBNews,,0,0,1272,2013-11-08 02:17:02+00:00,0,141,0,"<a href=""https://ifttt.com"" rel=""nofollow"">IFTTT</a>",en
907740408091947009,2017-09-12 22:59:12+00:00,Critical Comparison: Cablevision Systems $CVC &amp; Liberty Broadband Corporation $LBRDA https://t.co/zdBAEzZQEt,storminvestor,,0,0,682,2014-03-28 17:00:55+00:00,0,19,0,"<a href=""https://ifttt.com"" rel=""nofollow"">IFTTT</a>",en
906886805760475137,2017-09-10 14:27:18+00:00,Cablevision Systems $CVC vs. Liberty Broadband Corporation $LBRDA Critical Review https://t.co/dAABq5obNn,midetimes,,0,0,678,2013-12-28 20:16:47+00:00,0,87,0,"<a href=""https://ifttt.com"" rel=""nofollow"">IFTTT</a>",en
906886369859063808,2017-09-10 14:25:34+00:00,Cablevision Systems $CVC vs. Liberty Broadband Corporation $LBRDA Critical Review https://t.co/jfSK8deoaa,WKRBNews,,0,0,1272,2013-11-08 02:17:02+00:00,0,141,0,"<a href=""https://ifttt.com"" rel=""nofollow"">IFTTT</a>",en
906886092938469376,2017-09-10 14:24:28+00:00,Cablevision Systems $CVC vs. Liberty Broadband Corporation $LBRDA Critical Review https://t.co/bCBj3YciKw,dailypoliticaln,,0,0,1394,2014-02-11 19:38:04+00:00,0,84,0,"<a href=""https://ifttt.com"" rel=""nofollow"">IFTTT</a>",en
905372280989118464,2017-09-06 10:09:07+00:00,"Day 2 of the #CapacityAfrica conference is on, today we have so far met with delegates from Broadband Systems Corporation, &amp; TXO Systems. https://t.co/Z8xSTuVPW0",roketelkomug,['CapacityAfrica'],0,3,9626,2013-02-26 05:36:21+00:00,4608,11,0,"<a href=""http://twitter.com"" rel=""nofollow"">Twitter Web Client</a>",en
904956132996907008,2017-09-05 06:35:30+00:00,Cablevision Systems $CVC and Liberty Broadband Corporation $LBRDA Head-To-Head Survey https://t.co/7bldUerfM2,intercooleronli,,0,0,856,2014-05-26 21:20:18+00:00,0,100,0,"<a href=""https://ifttt.com"" rel=""nofollow"">IFTTT</a>",en
904955120240254976,2017-09-05 06:31:28+00:00,Cablevision Systems $CVC and Liberty Broadband Corporation $LBRDA Head-To-Head Survey https://t.co/P75PFHZEJk,WatchlistN,,0,0,3242,2014-01-19 00:22:08+00:00,0,160,0,"<a href=""https://ifttt.com"" rel=""nofollow"">IFTTT</a>",en
904955119871123456,2017-09-05 06:31:28+00:00,Cablevision Systems $CVC and Liberty Broadband Corporation $LBRDA Head-To-Head Survey https://t.co/b0FBWxLvsX #acn,MarketBeatCom,['acn'],0,0,13300,2009-08-25 00:39:44+00:00,48,782,0,"<a href=""https://ifttt.com"" rel=""nofollow"">IFTTT</a>",en
904954593376960513,2017-09-05 06:29:22+00:00,Cablevision Systems $CVC and Liberty Broadband Corporation $LBRDA Head-To-Head Survey https://t.co/nFR25j0YgC,AmericanBanking,,0,0,8495,2009-07-31 01:58:33+00:00,0,722,0,"<a href=""https://ifttt.com"" rel=""nofollow"">IFTTT</a>",en
904954165801226240,2017-09-05 06:27:41+00:00,"$CVC, $LBRDA - Cablevision Systems #CVC and Liberty Broadband Corporation #LBRDA Head-To-Head Survey https://t.co/bxxsKnbz7a",AmericanBanking,"['CVC', 'LBRDA']",0,0,8495,2009-07-31 01:58:33+00:00,0,722,0,"<a href=""https://www.google.com/"" rel=""nofollow"">Google</a>",en
904953677294788608,2017-09-05 06:25:44+00:00,Cablevision Systems $CVC and Liberty Broadband Corporation $LBRDA Head-To-Head Survey https://t.co/mXA5G5mYSN,CFinancialNews,,0,0,481,2016-05-17 00:07:47+00:00,0,43,0,"<a href=""https://ifttt.com"" rel=""nofollow"">IFTTT</a>",en
895535456422473729,2017-08-10 06:41:05+00:00,Broadband Systems Corporation (@bscrw) wishes to congratulate President @PaulKagame upon his re-election. #RwandaDecided https://t.co/EZxcq32pE6,NewTimesRwanda,['RwandaDecided'],1,15,370814,2010-09-16 15:15:50+00:00,475,542,0,"<a href=""http://twitter.com"" rel=""nofollow"">Twitter Web Client</a>",en
895050352860553216,2017-08-08 22:33:28+00:00,Analyzing Liberty Broadband Corporation $LBRDA and Cablevision Systems $CVC https://t.co/yjS3vvfU7V,dailypoliticaln,,0,0,1394,2014-02-11 19:38:04+00:00,0,84,0,"<a href=""https://ifttt.com"" rel=""nofollow"">IFTTT</a>",en
895049826324402176,2017-08-08 22:31:22+00:00,Analyzing Liberty Broadband Corporation $LBRDA and Cablevision Systems $CVC https://t.co/cIRyp3uDXm,midetimes,,0,0,678,2013-12-28 20:16:47+00:00,0,87,0,"<a href=""https://ifttt.com"" rel=""nofollow"">IFTTT</a>",en
880442540272517120,2017-06-29 15:07:14+00:00,Utah Retirement Systems Maintains Stake in Liberty Broadband Corporation $LBRDA https://t.co/OLAZR2zBje,dakotafinancial,,0,1,1540,2014-12-13 20:48:14+00:00,0,76,0,"<a href=""https://ifttt.com"" rel=""nofollow"">IFTTT</a>",en
880391849453789184,2017-06-29 11:45:48+00:00,Utah Retirement Systems Maintains Stake in Liberty Broadband Corporation $LBRDA https://t.co/O23cWVfc5U,WatchlistN,,0,0,3242,2014-01-19 00:22:08+00:00,0,160,0,"<a href=""https://ifttt.com"" rel=""nofollow"">IFTTT</a>",en
798117274578104320,2016-11-14 10:56:01+00:00,"Rumanyika has been the Country Manager, EA Development Bank (Rwanda) while Kayihura has been  Deputy CTO Broadband Systems Corporation",NewTimesRwanda,,3,2,370814,2010-09-16 15:15:50+00:00,475,542,0,"<a href=""https://about.twitter.com/products/tweetdeck"" rel=""nofollow"">TweetDeck</a>",en
733210101578862592,2016-05-19 08:18:05+00:00,Broadband Systems Corporation: Providing affordable high quality internet services https://t.co/Uuv0P3Vgqs,HopeMagazine1,,2,1,13622,2012-02-12 12:20:01+00:00,16131,113,0,"<a href=""http://www.facebook.com/twitter"" rel=""nofollow"">Facebook</a>",en
733209851808092160,2016-05-19 08:17:05+00:00,Broadband Systems Corporation: Providing affordable high quality internet services https://t.co/l1xCp8M3vX,HopeMagazine1,,0,0,13622,2012-02-12 12:20:01+00:00,16131,113,0,"<a href=""http://twitter.com"" rel=""nofollow"">Twitter Web Client</a>",en
699525251366043648,2016-02-16 09:26:31+00:00,#Anonymous hacks #Rwanda Broadband Systems Corporation and releases sensible data https://t.co/yA8hDGKXhm via @The_EastAfrican,JakobHaentjes,"['Anonymous', 'Rwanda']",2,1,1178,2011-12-03 16:25:32+00:00,100,59,0,"<a href=""http://twitter.com"" rel=""nofollow"">Twitter Web Client</a>",en
666913244095913985,2015-11-18 09:38:02+00:00,Home &amp;#124; Metric Systems Corporation &amp;#124; Broadband Ad Hoc Mesh Wireless Solutions https://t.co/mzibp0AUHn,thegetpr,,0,0,6853,2009-05-28 10:20:47+00:00,5,171,0,"<a href=""http://thegetpr.net/"" rel=""nofollow"">Get Backlink</a>",en
636875376266997760,2015-08-27 12:18:16+00:00,"New post: Thurs Morning Ratings: Mercury Systems, Inc. (MRCY), Liberty Broadband Corporation (LBRDK), Aradigm http://t.co/wBAmTkAENH",wallstreetscope,,0,0,1567,2014-10-18 01:22:12+00:00,6,76,0,"<a href=""http://www.wallstreetscope.com"" rel=""nofollow"">WallStreet Scope Twitter Feed</a>",en
603954124602900480,2015-05-28 16:00:58+00:00,Nokia Corporation (NOK) Conveys Dependability To Versatile Broadband Systems With Eden Rock Securing... http://t.co/IFHEURjxN1,nimraraees99,,0,0,184,2014-12-17 18:15:42+00:00,0,9,0,"<a href=""http://www.facebook.com/twitter"" rel=""nofollow"">Facebook</a>",en
598028487115563008,2015-05-12 07:34:36+00:00,A big Thank you to @nsrcworld @internetsociety  and Broadband Systems Corporation for sponsoring the RwandaNOG  2015 training. @ekayihura,RICTAInfo,,1,1,4540,2013-09-05 14:51:06+00:00,1850,13,0,"<a href=""http://twitter.com"" rel=""nofollow"">Twitter Web Client</a>",en
591627826618507264,2015-04-24 15:40:40+00:00,"Broadband Systems Corporation Ltd (BSC) ,2 JOBS Positions Jobs in Rwanda http://t.co/ZBdjRKJm0R",AjobsRwanda,,0,0,3460,2011-05-23 12:21:13+00:00,3,14,0,"<a href=""http://www.facebook.com/twitter"" rel=""nofollow"">Facebook</a>",en
591451218523762688,2015-04-24 03:58:53+00:00,"Broadband Systems Corporation Ltd (BSC) ,2 JOBS Positions Jobs in Rwanda http://t.co/zUITEkB6bb",AjobsRwanda,,0,0,3460,2011-05-23 12:21:13+00:00,3,14,0,"<a href=""http://www.networkedblogs.com/"" rel=""nofollow"">NetworkedBlogs</a>",en
591165143632969729,2015-04-23 09:02:08+00:00,"2 JOBS Positions at Broadband Systems Corporation Ltd (BSC) Kigali, Rwanda - CLOSE 27/4/2015 Kigali -... http://t.co/0SSzaTiSwU",tohoza,,0,0,2592,2010-11-11 08:47:11+00:00,14,30,0,"<a href=""http://www.facebook.com/twitter"" rel=""nofollow"">Facebook</a>",en
590879398041026560,2015-04-22 14:06:41+00:00,"Background Broadband Systems Corporation, Ltd (""BSC Ltd"") is a licensed Internet Service Provider (ISP) that has... http://t.co/XRboOidLxf",AjobsRwanda,,0,0,3460,2011-05-23 12:21:13+00:00,3,14,0,"<a href=""http://www.facebook.com/twitter"" rel=""nofollow"">Facebook</a>",en
577972673235431424,2015-03-17 23:19:58+00:00,Cablevision Brings HBO Streaming for Broadband Users - Analyst Blog: Cablevision Systems Corporation's (CVC) b... http://t.co/oPFy7UqZNT,suitreport,,0,0,300,2013-05-08 14:08:21+00:00,0,68,0,"<a href=""http://twitterfeed.com"" rel=""nofollow"">twitterfeed</a>",en
533359886676279296,2014-11-14 20:44:40+00:00,VNC attacked from 197.243.16.59 (Broadband Systems Corporation RW),atma_es,,0,0,272,2014-01-03 17:52:50+00:00,4,39,0,"<a href=""https://mobile.twitter.com"" rel=""nofollow"">Mobile Web (M2)</a>",en
530471784962072576,2014-11-06 21:28:23+00:00,VNC attacked from 197.243.16.59 (Broadband Systems Corporation RW),atma_es,,0,0,272,2014-01-03 17:52:50+00:00,4,39,0,"<a href=""https://mobile.twitter.com"" rel=""nofollow"">Mobile Web (M2)</a>",en
530355290387255296,2014-11-06 13:45:29+00:00,VNC attacked from 197.243.16.59 (Broadband Systems Corporation RW),atma_es,,0,0,272,2014-01-03 17:52:50+00:00,4,39,0,"<a href=""https://mobile.twitter.com"" rel=""nofollow"">Mobile Web (M2)</a>",en
530277104609669120,2014-11-06 08:34:48+00:00,VNC attacked from 197.243.16.59 (Broadband Systems Corporation RW),atma_es,,0,0,272,2014-01-03 17:52:50+00:00,4,39,0,"<a href=""https://mobile.twitter.com"" rel=""nofollow"">Mobile Web (M2)</a>",en
529975868018683904,2014-11-05 12:37:48+00:00,VNC attacked from 197.243.16.59 (Broadband Systems Corporation RW),atma_es,,0,0,272,2014-01-03 17:52:50+00:00,4,39,0,"<a href=""https://mobile.twitter.com"" rel=""nofollow"">Mobile Web (M2)</a>",en
529410584450990080,2014-11-03 23:11:33+00:00,VNC attacked from 197.243.0.135 (Broadband Systems Corporation RW),atma_es,,0,0,272,2014-01-03 17:52:50+00:00,4,39,0,"<a href=""https://mobile.twitter.com"" rel=""nofollow"">Mobile Web (M2)</a>",en
529235452206006272,2014-11-03 11:35:39+00:00,VNC attacked from 197.243.0.135 (Broadband Systems Corporation RW),atma_es,,0,0,272,2014-01-03 17:52:50+00:00,4,39,0,"<a href=""https://mobile.twitter.com"" rel=""nofollow"">Mobile Web (M2)</a>",en
529070075710812160,2014-11-03 00:38:30+00:00,VNC attacked from 197.243.0.135 (Broadband Systems Corporation RW),atma_es,,0,0,272,2014-01-03 17:52:50+00:00,4,39,0,"<a href=""https://mobile.twitter.com"" rel=""nofollow"">Mobile Web (M2)</a>",en
528767431289106432,2014-11-02 04:35:54+00:00,VNC attacked from 197.243.0.135 (Broadband Systems Corporation RW),atma_es,,0,0,272,2014-01-03 17:52:50+00:00,4,39,0,"<a href=""https://mobile.twitter.com"" rel=""nofollow"">Mobile Web (M2)</a>",en
528524816094351360,2014-11-01 12:31:50+00:00,VNC attacked from 197.243.16.59 (Broadband Systems Corporation RW),atma_es,,0,0,272,2014-01-03 17:52:50+00:00,4,39,0,"<a href=""https://mobile.twitter.com"" rel=""nofollow"">Mobile Web (M2)</a>",en
528456527376834560,2014-11-01 08:00:29+00:00,VNC attacked from 197.243.16.59 (Broadband Systems Corporation RW),atma_es,,0,0,272,2014-01-03 17:52:50+00:00,4,39,0,"<a href=""https://mobile.twitter.com"" rel=""nofollow"">Mobile Web (M2)</a>",en
528346388510560256,2014-11-01 00:42:49+00:00,VNC attacked from 197.243.0.135 (Broadband Systems Corporation RW),atma_es,,0,0,272,2014-01-03 17:52:50+00:00,4,39,0,"<a href=""https://mobile.twitter.com"" rel=""nofollow"">Mobile Web (M2)</a>",en
528298844279558144,2014-10-31 21:33:54+00:00,VNC attacked from 197.243.0.135 (Broadband Systems Corporation RW),atma_es,,0,0,272,2014-01-03 17:52:50+00:00,4,39,0,"<a href=""https://mobile.twitter.com"" rel=""nofollow"">Mobile Web (M2)</a>",en
528162044646674433,2014-10-31 12:30:18+00:00,VNC attacked from 197.243.0.135 (Broadband Systems Corporation RW),atma_es,,0,0,272,2014-01-03 17:52:50+00:00,4,39,0,"<a href=""https://mobile.twitter.com"" rel=""nofollow"">Mobile Web (M2)</a>",en
528036949349916672,2014-10-31 04:13:13+00:00,VNC attacked from 197.243.16.59 (Broadband Systems Corporation RW),atma_es,,0,0,272,2014-01-03 17:52:50+00:00,4,39,0,"<a href=""https://mobile.twitter.com"" rel=""nofollow"">Mobile Web (M2)</a>",en
527876518153048064,2014-10-30 17:35:44+00:00,VNC attacked from 197.243.0.135 (Broadband Systems Corporation RW),atma_es,,0,0,272,2014-01-03 17:52:50+00:00,4,39,0,"<a href=""https://mobile.twitter.com"" rel=""nofollow"">Mobile Web (M2)</a>",en
526964463900303360,2014-10-28 05:11:33+00:00,VNC attacked from 197.243.16.59 (Broadband Systems Corporation RW),atma_es,,0,0,272,2014-01-03 17:52:50+00:00,4,39,0,"<a href=""https://mobile.twitter.com"" rel=""nofollow"">Mobile Web (M2)</a>",en
526879355247792128,2014-10-27 23:33:21+00:00,VNC attacked from 197.243.16.59 (Broadband Systems Corporation RW),atma_es,,0,0,272,2014-01-03 17:52:50+00:00,4,39,0,"<a href=""https://mobile.twitter.com"" rel=""nofollow"">Mobile Web (M2)</a>",en
526860815702704128,2014-10-27 22:19:41+00:00,VNC attacked from 197.243.0.135 (Broadband Systems Corporation RW),atma_es,,0,0,272,2014-01-03 17:52:50+00:00,4,39,0,"<a href=""https://mobile.twitter.com"" rel=""nofollow"">Mobile Web (M2)</a>",en
525923108868210688,2014-10-25 08:13:34+00:00,VNC attacked from 197.243.0.135 (Broadband Systems Corporation RW),atma_es,,0,0,272,2014-01-03 17:52:50+00:00,4,39,0,"<a href=""https://mobile.twitter.com"" rel=""nofollow"">Mobile Web (M2)</a>",en
525694753917403136,2014-10-24 17:06:10+00:00,VNC attacked from 197.243.16.59 (Broadband Systems Corporation RW),atma_es,,0,0,272,2014-01-03 17:52:50+00:00,4,39,0,"<a href=""https://mobile.twitter.com"" rel=""nofollow"">Mobile Web (M2)</a>",en
525651197198610432,2014-10-24 14:13:06+00:00,VNC attacked from 197.243.0.135 (Broadband Systems Corporation RW),atma_es,,0,0,272,2014-01-03 17:52:50+00:00,4,39,0,"<a href=""https://mobile.twitter.com"" rel=""nofollow"">Mobile Web (M2)</a>",en
517670504086663168,2014-10-02 13:40:40+00:00,"The CEO of Broadband Systems Corporation, Eddy Kayihura urges local content providers to host their websites in #Rwanda. #SmartRwanda",RwandaICT,"['Rwanda', 'SmartRwanda']",8,1,127185,2012-01-26 10:18:05+00:00,8889,199,0,"<a href=""http://twitter.com"" rel=""nofollow"">Twitter Web Client</a>",en
430619914928267264,2014-02-04 08:32:42+00:00,#IAD2014 CEO from Broadband Systems Corporation Ltd - Rwanda registered to attend the IAD summit in the Gambia,Afridigital,['IAD2014'],0,0,1047,2010-11-12 08:53:30+00:00,2,25,0,"<a href=""http://twitter.com"" rel=""nofollow"">Twitter Web Client</a>",en
408311655870001152,2013-12-04 19:07:39+00:00,"Broadband LTE Systems Engineer for Harris Corporation (Las Vegas, NV) http://t.co/aLoaBO6j3Z #jobs",usnlx,['jobs'],0,0,6620,2008-09-12 15:41:17+00:00,8,304,0,"<a href=""http://twitterfeed.com"" rel=""nofollow"">twitterfeed</a>",en
365385037992042496,2013-08-08 08:12:36+00:00,I'm at Broadband Systems Corporation (BCS) http://t.co/OEH7baXj8V,DogaMakiura,,0,0,6606,2010-05-16 17:53:22+00:00,13758,113,0,"<a href=""http://foursquare.com"" rel=""nofollow"">Foursquare</a>",en
355254025018548224,2013-07-11 09:15:34+00:00,"Presenting now @CIO100 is Broadband Systems Corporation's Charles Gahungu on movement to the cloud in #Rwanda  @MyictRwanda, @bscrw",RDBrwanda,['Rwanda'],4,2,321299,2011-03-15 06:06:01+00:00,5586,356,0,"<a href=""http://twitter.com"" rel=""nofollow"">Twitter Web Client</a>",en
355244870937485312,2013-07-11 08:39:12+00:00,"Session 2 will feature Oracle, University of Science &amp; Technology,  Broadband Systems Corporation and Dimension Data",CMMwizer,,0,0,761,2011-06-19 12:13:57+00:00,5976,5,0,"<a href=""http://twitter.com/download/android"" rel=""nofollow"">Twitter for Android</a>",en
332103420133658627,2013-05-08 12:03:20+00:00,I'm at Broadband Systems Corporation (BCS) http://t.co/QP7LXdxk8i,rubsflaw,,0,0,836,2011-04-18 11:21:02+00:00,2902,17,0,"<a href=""http://foursquare.com"" rel=""nofollow"">Foursquare</a>",en
314967990422626305,2013-03-22 05:13:15+00:00,#BestServiceProvidervotedforbycustomers: Sector Internet Service Provider: BSC (Broadband Systems Corporation) @bscrw,TheServiceMag,['BestServiceProvidervotedforbycustomers'],2,0,18496,2011-01-25 09:28:52+00:00,119,212,0,"<a href=""http://blackberry.com/twitter"" rel=""nofollow"">Twitter for BlackBerry¬Æ</a>",en
273104752886308864,2012-11-26 16:43:41+00:00,"#Hiring: Director, Broadband Product Mgmt &amp; Mktg: BackgroundCablevision Systems Corporation (NYSE: CVC), t... http://t.co/JwV6458B #jobs",cablejobs,"['Hiring', 'jobs']",0,0,479,2009-02-09 20:25:59+00:00,0,20,0,"<a href=""http://twitterfeed.com"" rel=""nofollow"">twitterfeed</a>",en
271180508308848640,2012-11-21 09:17:26+00:00,"Director, Broadband Product Operations job in Bethpage, NY at Cablevision Systems Corporation http://t.co/x3nTKSyE #director",JobHitsUS,['director'],0,0,7942,2009-11-18 23:34:34+00:00,48,211,0,"<a href=""http://twitterfeed.com"" rel=""nofollow"">twitterfeed</a>",en
226018668239282177,2012-07-19 18:20:24+00:00,"CABLEVISION SYSTEMS CORPORATION : FCC Broadband Report Shows ...: BETHPAGE, NY, July 19, 2012 /PRNewswire/ -- Ca... http://t.co/WomsL32Z",justconsdisc,,0,0,423,2011-01-11 13:22:03+00:00,0,0,0,"<a href=""http://twitterfeed.com"" rel=""nofollow"">twitterfeed</a>",en
217172642711617537,2012-06-25 08:29:27+00:00,Broadband Systems Corporation Limited Launches into the Rwanda Market http://t.co/T2hI8iPd via @HopeMagazine,RwandaLatest,,0,0,1261,2012-06-05 10:01:57+00:00,473,25,0,"<a href=""https://dev.twitter.com/docs/tfw"" rel=""nofollow"">Twitter for Websites</a>",en
213542708466294785,2012-06-15 08:05:23+00:00,Broadband Systems Corporation's Charles Gahungu explains the services offered as far as cloud computing is concerned #CIOExecutiveBreakfast,dx5ve,['CIOExecutiveBreakfast'],1,0,35702,2010-02-09 09:22:29+00:00,4083,312,0,"<a href=""https://about.twitter.com/products/tweetdeck"" rel=""nofollow"">TweetDeck</a>",en
213542702845923328,2012-06-15 08:05:22+00:00,Broadband Systems Corporation's Charles Gahungu explains the services offered as far as cloud computing is concerned #CIOExecutiveBreakfast,ssojo81,['CIOExecutiveBreakfast'],0,0,23811,2010-11-06 15:20:41+00:00,6706,235,0,"<a href=""https://about.twitter.com/products/tweetdeck"" rel=""nofollow"">TweetDeck</a>",en
213203063786315776,2012-06-14 09:35:46+00:00,@LewisMunene Broadband Systems Corporation,dx5ve,,0,0,35702,2010-02-09 09:22:29+00:00,4083,312,1,"<a href=""https://about.twitter.com/products/tweetdeck"" rel=""nofollow"">TweetDeck</a>",en
210684644121776128,2012-06-07 10:48:28+00:00,Broadband Systems Corporation Limited Launches into the Rwanda Market http://t.co/ovb45eil via @HopeMagazine,NGOGA187,,0,0,604,2012-05-02 09:53:05+00:00,2051,13,0,"<a href=""https://dev.twitter.com/docs/tfw"" rel=""nofollow"">Twitter for Websites</a>",en
208541156559167489,2012-06-01 12:51:00+00:00,Rwanda's Broadband Systems Corporation (BSC) introduces services on 3.9G network for wimax.,gkamali,,0,0,1578,2009-02-26 08:02:39+00:00,1829,93,0,"<a href=""http://messaging.nokia.com/"" rel=""nofollow"">Social by Nokia</a>",en
208532188264808448,2012-06-01 12:15:22+00:00,THIS------&gt; ‚Äú@clairyce: Attending the young entrepreneurs day sponsored by broadband systems corporation #Rwanda #BSC‚Äù,LucyMbabazi,"['Rwanda', 'BSC']",1,0,36299,2010-07-23 16:28:35+00:00,82338,295,0,"<a href=""http://twitter.com/download/iphone"" rel=""nofollow"">Twitter for iPhone</a>",en
208175872409219073,2012-05-31 12:39:30+00:00,#Broadband systems corporation #formally opened its doors #broadband growth #affordable internet access,frank_kay3,"['Broadband', 'formally', 'broadband', 'affordable']",0,0,877,2011-01-11 08:26:26+00:00,2946,11,0,"<a href=""http://twitter.com"" rel=""nofollow"">Twitter Web Client</a>",en
208104001563148288,2012-05-31 07:53:55+00:00,"Broadband Systems Corporation launches today in Kigali with services like: fibre connectivity, broadband wireless and data center services",mucyogilbert,,2,0,4039,2011-04-26 10:31:32+00:00,402,11,1,"<a href=""http://blackberry.com/twitter"" rel=""nofollow"">Twitter for BlackBerry¬Æ</a>",en
207759477166972928,2012-05-30 09:04:53+00:00,BSC opens Kigali customer service centre: Rwandan broadband firm Broadband Systems Corporation has officially op... http://t.co/N6u5XYuC,akanchawadotcom,,0,0,176,2012-02-02 07:47:20+00:00,0,2,0,"<a href=""http://twitterfeed.com"" rel=""nofollow"">twitterfeed</a>",en
207723337227575299,2012-05-30 06:41:17+00:00,"@Melzla en fait, ni BSC (Broadband systems corporation) :D",nyitarasta,,0,0,3268,2011-04-08 17:52:19+00:00,5042,5,1,"<a href=""http://twitter.com"" rel=""nofollow"">Twitter Web Client</a>",en
176427874113429505,2012-03-04 22:04:17+00:00,"Broadband Systems Corporation, Ltd (BSC Ltd) Jobs Vacancies in Kigali, Rwanda http://t.co/tA18wWZf",AjobsRwanda,,0,0,3460,2011-05-23 12:21:13+00:00,3,14,0,"<a href=""http://www.networkedblogs.com/"" rel=""nofollow"">NetworkedBlogs</a>",en
144347659120021504,2011-12-07 09:28:58+00:00,Cablevision sues Verizon over broadband speed ads - US cable television company Cablevision Systems Corporation has ... http://t.co/94gRfxdk,bidtimes_online,,0,0,433,2009-03-07 02:29:45+00:00,0,6,0,"<a href=""http://www.hootsuite.com"" rel=""nofollow"">Hootsuite</a>",en
144347659107446784,2011-12-07 09:28:58+00:00,Cablevision sues Verizon over broadband speed ads - US cable television company Cablevision Systems Corporation has ... http://t.co/1017ZPCV,HikeCapeTown,,0,0,10023,2009-01-23 01:20:53+00:00,377,293,0,"<a href=""http://identi.ca"" rel=""nofollow"">identica</a>",en
144347656246935552,2011-12-07 09:28:57+00:00,Cablevision sues Verizon over broadband speed ads - US cable television company Cablevision Systems Corporation has ... http://t.co/cMGGYLam,HikeCapeTown,,0,0,10023,2009-01-23 01:20:53+00:00,377,293,0,"<a href=""http://www.hootsuite.com"" rel=""nofollow"">Hootsuite</a>",en
144346322219175936,2011-12-07 09:23:39+00:00,Cablevision sues Verizon over broadband speed ads: US cable television company Cablevision Systems Corporation has‚Ä¶ http://t.co/4nPnW8a5,dnicholsreader,,0,0,102,2010-12-12 19:16:14+00:00,0,0,0,"<a href=""https://www.google.com/"" rel=""nofollow"">Google</a>",en
144342594917367809,2011-12-07 09:08:51+00:00,Cablevision sues Verizon over broadband speed ads: US cable television company Cablevision Systems Corporation h... http://t.co/a3UC8Ci7,PatrioticGeek,,0,0,1208,2008-12-06 15:10:41+00:00,135,71,0,"<a href=""http://twitterfeed.com"" rel=""nofollow"">twitterfeed</a>",en
144336801576919040,2011-12-07 08:45:49+00:00,Cablevision sues Verizon over broadband speed ads: US cable television company Cablevision Systems Corporation h... http://t.co/n4CxUHdi,siaxcomputing,,0,0,123,2010-04-11 12:02:23+00:00,1,5,0,"<a href=""http://twitterfeed.com"" rel=""nofollow"">twitterfeed</a>",en
142218626995470336,2011-12-01 12:28:57+00:00,Check this video out -- Broadband Systems Corporation Ltd (BSC) http://t.co/MDj7v1RG via @youtube,Makombe_D,,0,0,162,2009-09-25 09:03:25+00:00,122,1,0,"<a href=""https://dev.twitter.com/docs/tfw"" rel=""nofollow"">Twitter for Websites</a>",en
134123970738913280,2011-11-09 04:23:41+00:00,http://t.co/RN1nr7g1 Ajobs Rwanda: Broadband Systems Corporation Senior Database ...,palAleLee,,0,0,174,2011-07-27 15:38:01+00:00,5,3,0,"<a href=""http://twitter.com"" rel=""nofollow"">Twitter Web Client</a>",en
134078157606240256,2011-11-09 01:21:38+00:00,Broadband Systems Corporation Senior Database & Application Systems Administrator Job Vacancy in Rwanda http://t.co/sCAoDisV,AjobsRwanda,,0,0,3460,2011-05-23 12:21:13+00:00,3,14,0,"<a href=""http://www.networkedblogs.com/"" rel=""nofollow"">NetworkedBlogs</a>",en
134060960884330496,2011-11-09 00:13:18+00:00,Broadband Systems Corporation Sales and Marketing Manager Job ... http://t.co/nDOJv5ES,ronagutie,,0,0,275,2011-06-26 16:55:07+00:00,2,6,0,"<a href=""http://twitter.com"" rel=""nofollow"">Twitter Web Client</a>",en
134032570315845632,2011-11-08 22:20:29+00:00,Broadband Systems Corporation Junior Database & Application Systems Administrator Job Vacancy in Rwanda http://t.co/IuPDWmbl,AjobsRwanda,,0,0,3460,2011-05-23 12:21:13+00:00,3,14,0,"<a href=""http://www.networkedblogs.com/"" rel=""nofollow"">NetworkedBlogs</a>",en
134032536463609856,2011-11-08 22:20:21+00:00,Broadband Systems Corporation Senior IP Engineer Job Vacancy in Rwanda http://t.co/6gtiP2qX,AjobsRwanda,,0,0,3460,2011-05-23 12:21:13+00:00,3,14,0,"<a href=""http://www.networkedblogs.com/"" rel=""nofollow"">NetworkedBlogs</a>",en
132344193929584641,2011-11-04 06:31:29+00:00,"[Full-time] Sales and Marketing Manager at BROADBAND SYSTEMS CORPORATION, LTD (BSC Ltd) http://t.co/3Sdv1HKf",jobseastafrica,,0,0,182,2009-12-18 11:36:47+00:00,13,12,0,"<a href=""https://www.google.com/"" rel=""nofollow"">Google</a>",en
132344192063115265,2011-11-04 06:31:28+00:00,"[Full-time] Logistic Officer at BROADBAND SYSTEMS CORPORATION, LTD (BSC Ltd) http://t.co/bBBT4B2D",jobseastafrica,,0,0,182,2009-12-18 11:36:47+00:00,13,12,0,"<a href=""https://www.google.com/"" rel=""nofollow"">Google</a>",en
132344190083416065,2011-11-04 06:31:28+00:00,"[Full-time] Accountant at BROADBAND SYSTEMS CORPORATION, LTD (BSC Ltd) http://t.co/VkQOC2LQ",jobseastafrica,,0,0,182,2009-12-18 11:36:47+00:00,13,12,0,"<a href=""https://www.google.com/"" rel=""nofollow"">Google</a>",en
132344187323559936,2011-11-04 06:31:27+00:00,"[Full-time] Senior IP Engineer at BROADBAND SYSTEMS CORPORATION, LTD (BSC Ltd) http://t.co/95jLRBWw",jobseastafrica,,0,0,182,2009-12-18 11:36:47+00:00,13,12,0,"<a href=""https://www.google.com/"" rel=""nofollow"">Google</a>",en
132344185377402880,2011-11-04 06:31:27+00:00,"[Full-time] IT Manager at BROADBAND SYSTEMS CORPORATION, LTD (BSC Ltd) http://t.co/EhKPvZRv",jobseastafrica,,0,0,182,2009-12-18 11:36:47+00:00,13,12,0,"<a href=""https://www.google.com/"" rel=""nofollow"">Google</a>",en
98101996158058497,2011-08-01 18:45:13+00:00,"Chelmsford,MA | Harris Corporation | Broadband Systems Engineer | #tweetajob | http://jcnlx.com/f76bf41ed4604b2b84fc1f03df974365105 | #jobs",tj_bos_ma_sysng,"['tweetajob', 'jobs']",0,0,4,2009-10-19 05:57:03+00:00,0,0,0,"<a href=""http://www.tweetajob.com"" rel=""nofollow"">Tweetajob </a>",en
92990288234151936,2011-07-18 16:13:07+00:00,"Broadband Systems Engineer at Harris Corporation (Chelmsford, MA): We are looking for a Systems Engineer to join the... http://dlvr.it/KQdq7",BostonJobsW,,0,0,11,2011-01-17 15:21:10+00:00,0,1,0,"<a href=""https://dlvrit.com/"" rel=""nofollow"">dlvr.it</a>",en
92988300633186305,2011-07-18 16:05:13+00:00,"Broadband Systems Engineer at Harris Corporation (Chelmsford, MA) http://dlvr.it/KQlQD",BostonLocalJobs,,0,0,10,2011-01-17 15:23:49+00:00,0,1,0,"<a href=""https://dlvrit.com/"" rel=""nofollow"">dlvr.it</a>",en
90421810256031744,2011-07-11 14:06:54+00:00,"I'm hiring! Broadband Systems Engineer at Harris Corporation PS PC Division Lync - Lynchburg, Virginia Area #jobs http://lnkd.in/npd-vY",TechRecruiter52,['jobs'],0,0,160,2010-09-03 17:21:17+00:00,6,8,0,"<a href=""http://www.linkedin.com/"" rel=""nofollow"">LinkedIn</a>",en
47943276917047296,2011-03-16 08:52:22+00:00,"Broadband Systems Engineer at Harris Corporation (Chelmsford, MA) http://dlvr.it/KQlQD",BostonLocalJobs,,0,0,10,2011-01-17 15:23:49+00:00,0,1,0,"<a href=""https://dlvrit.com/"" rel=""nofollow"">dlvr.it</a>",en
47939762908172288,2011-03-16 08:38:24+00:00,"Broadband Systems Engineer at Harris Corporation (Chelmsford, MA): We are looking for a Systems Engineer to join the... http://dlvr.it/KQdq7",BostonJobsW,,0,0,11,2011-01-17 15:21:10+00:00,0,1,0,"<a href=""https://dlvrit.com/"" rel=""nofollow"">dlvr.it</a>",en
27854888960,2010-10-19 17:49:54+00:00,"Proxim Tsunami: Smoother Migration to IP and 4G: Wireless broadband systems provider, Proxim Wireless Corporation,... http://bit.ly/9Kg2kG",4gwe,,0,0,313,2010-02-26 17:17:27+00:00,0,12,0,"<a href=""http://twitterfeed.com"" rel=""nofollow"">twitterfeed</a>",en
2787062660,2009-07-22 22:49:49+00:00,#Intel Corporation-Cisco Systems 7x hotter today on Gigaom (+0) : iControl Gets $23M Thanks to Better Broadband http://bit.ly/2mdU9R,anigamBuzzBox,['Intel'],0,0,333,2009-05-18 19:37:01+00:00,0,2,0,"<a href=""http://twitterfeed.com"" rel=""nofollow"">twitterfeed</a>",en
